許可證字號,中文品名,英文品名,適應症,劑型,包裝,藥品類別,管制藥品分類級別,主成分略述,申請商名稱,申請商地址,申請商統一編號,製造商名稱,製造廠廠址,製造廠公司地址,製造廠國別,製程,異動日期,用法用量,包裝與國際條碼
衛署藥輸字第024824號,易安穩膜衣錠 5/80 毫克,Exforge film-coated tablet 5/80mg,"治療高血壓,此複方藥品不適用於起始治療。",膜衣錠,鋁箔盒裝,須由醫師處方使用,,AMLODIPINE BESYLATE;;VALSARTAN,台灣諾華股份有限公司,台北市中山區民生東路三段2號8樓,1516589,裕利股份有限公司,桃園市大園區和平里1鄰開和路91號,,TAIWAN,二級包裝廠,43753,請參照仿單說明。,鋁箔盒裝
衛署藥輸字第024708號,德國昂特欣錠 100 微公克,Eltroxin Tablets 100mcg 〝Germany〞,甲狀腺機能減退症。,錠劑,塑膠瓶裝,須由醫師處方使用,,LEVOTHYROXINE SODIUM,安沛國際有限公司,台北市大安區敦化南路二段207號20樓,53957116,Aspen Bad Oldesloe GmbH,"INDUSTRIESTRASSE 32-36, 23843 BAD OLDESLOE, GERMANY",,GERMANY,,43459,詳見仿單。增列併用有交互作用之藥物應隔開至少4小時。,塑膠瓶裝
衛署藥輸字第022641號,諾和隆錠1毫克,NOVONORM 1MG TABLETS,第2型糖尿病(NIDDM)無法經由飲食控制、減重及加強運動等方法，達成良好控制者。,錠劑,鋁箔盒裝,須由醫師處方使用,,REPAGLINIDE,台灣諾和諾德藥品股份有限公司,台北市大安區敦化南路2段207號10樓,23528693,BOEHRINGER INGELHEIM PHARMA GMBH & CO. KG.,"BINGER STRASSE 173, 55216 INGELHEIM AM RHEIN GERMANY",,GERMANY,,43922,,鋁箔盒裝
衛署藥輸字第018231號,庫魯化錠850毫克,GLUCOPHAGE TABLET 850MG,糖尿病,膜衣錠,鋁箔盒裝,須由醫師處方使用,,METFORMIN HCL (EQ TO METFORMIN HYDROCHLORIDE),嘉德藥品企業股份有限公司,台北市中山區民生東路二段176號5樓,4706351,MERCK SANTE S.A.S,"CENTRE DE PRODUCTION SEMOY, 2 RUE DU PRESSOIR VERT, 45400 SEMOY, FRANCE","34 RUE SAINT-ROMAIN, F-69379 LYON CEDEX, FRANCE",FRANCE,,43987,詳見仿單。,鋁箔盒裝
衛署藥製字第037344號,伯基腸溶微粒膠囊100毫克（乙醯水楊酸）,BOKEY ENTERIC-MICROENCAPSULATED CAPSULES 100MG(ASPIRIN),預防心肌梗塞，預防血栓性栓塞症，短暫性缺血性發作,腸溶微粒膠囊劑,塑膠瓶裝;;PTP 鋁箔盒裝,須由醫師處方使用,,ASPIRIN,永信藥品工業股份有限公司,台中市大甲區頂店里中山路一段1191號,56065601,永信藥品工業股份有限公司台中幼獅廠,台中市大甲區日南里工九路２７號,,TAIWAN,,43390,,塑膠瓶裝;;PTP 鋁箔盒裝
衛署藥輸字第024131號,冠脂妥膜衣錠10毫克,CRESTOR 10MG FILM-COATED TABLETS,高膽固醇血症、高三酸甘油酯血症。,膜衣錠,鋁箔盒裝,須由醫師處方使用,,ROSUVASTATIN CALCIUM,臺灣阿斯特捷利康股份有限公司,台北市大安區敦化南路二段207號21樓,16440975,PT ASTRAZENECA INDONESIA,"TECHNOPARK BLOCK B1A-B1B, JABABEKA INDUSTRIAL PARK, CIKARANG, BEKASI, INDONESIA",,INDONESIA,分包裝廠,43684,,鋁箔盒裝
衛部菌疫輸字第001011號,糖德仕注射劑,Toujeo 300 units/mL solution for injection,成人及6歲以上兒童及青少年之糖尿病。,注射劑,注射筆,須由醫師處方使用,,INSULIN GLARGINE,賽諾菲股份有限公司,台北市信義區松仁路3號7樓,97168356,SANOFI-AVENTIS DEUTSCHLAND GMBH,"BRUNINGSTRASSE 50,D-65926 FRANKFURT AM (MAIN) GERMANY",,GERMANY,,44118,詳如仿單,注射筆